,Company,Job Title,Location
0,Ride.Swiggy,Ride.Swiggy,"Dehra Dun, Uttarakhand+12 locations"
1,Zomato Limited,Delivery Drivers / Delivery Executives / Delivery Boys / Fre...,"Delhi, Delhi+7 locations•Remote"
2,Embassy New Delhi,Supply Clerk- All Interested Applicants,"New Delhi, Delhi"
3,"CK Birla Hospital, Delhi","CK Birla Hospital, Delhi","Delhi, Delhi"
4,Soft Arya Private Limited,Looking for a Data Entry operator,"Bhopal, Madhya Pradesh•Remote"
5,Magiccrop buisness,Hindi call center,"New Delhi, Delhi"
6,Talkpush,Customer Success Executive - Remote,"New Delhi, Delhi•Remote"
7,ponibox Pvt ltd,Flipkart/AMAZON Hiring for Verification Inbound Process,"New Delhi, Delhi•Remote"
8,MARUTI WIND LIMITED,VOICE & NON VOICE WORK FOR FRESHERS,"R K Puram, Delhi"
9,Amex,Operations Support,"Gurgaon, Haryana"
10,Rupa Publications India Pvt. Ltd.,Designer Profile,"New Delhi, Delhi"
11,Reliance Jio Infocomm Limited,Jio Customer Associate - Freelancer JP,"Garh, Uttarakhand+126 locations"
12,HDFC Bank,Secretary,"Noida, Uttar Pradesh+3 locations"
13,SRISHTY MEDICAL PVT LTD,Computer Operator cum Office Assistant,"New Delhi, Delhi"
14,Spigen India Pvt Ltd,Executive / Sr Executive Warehouse,"Greater Noida, Uttar Pradesh"
15,PwC,Oracle Functional HCM - Associate 2,"Bengaluru, Karnataka"
16,Kotak Mahindra,Gold Loan Relationship Officer-LOANS AGAINST GOLD-Marketing...,"Bengaluru, Karnataka+1 location"
17,BDO India,Article Assistant,"Bengaluru, Karnataka"
18,Red Road Healthcare Solution Pvt Ltd,Medical Coder,"Bengaluru, Karnataka"
19,Genpact,Consultant-BFILL2-CMITS,"Bengaluru, Karnataka"
20,Emplay Inc,Data Science Intern,"Bengaluru, Karnataka•Remote"
21,Crossbeats,customer support Executive,"Bengaluru, Karnataka"
22,"JPMorgan Chase Bank, N.A.",Business Analysis,"Bengaluru, Karnataka"
23,Deloitte,USI-EH22-EA-NSE BSO C&I-CRC AM,"Bengaluru, Karnataka"
24,Anand Rathi,Job | RHR-Bangalore-Broking experience must,"Bengaluru, Karnataka"
25,Bosch Group,Automotive Powertrain System (Electrification projects) - Sy...,"Bengaluru, Karnataka"
26,Inzpire solutions,Recruitment Executive,"Bengaluru, Karnataka•Remote"
27,Bosch Group,HIL tester for 48V electrification projects,"Bengaluru, Karnataka"
28,Yugasys Software Private limited.,Accounts Executive,"Bengaluru, Karnataka"
29,Forte India Operations,Research Associate,"Bengaluru, Karnataka"
30,PwC,Oracle Functional HCM - Associate 2,"Bengaluru, Karnataka"
31,Kotak Mahindra,Gold Loan Relationship Officer-LOANS AGAINST GOLD-Marketing...,"Bengaluru, Karnataka+1 location"
32,BDO India,Article Assistant,"Bengaluru, Karnataka"
33,Red Road Healthcare Solution Pvt Ltd,Medical Coder,"Bengaluru, Karnataka"
34,Genpact,Consultant-BFILL2-CMITS,"Bengaluru, Karnataka"
35,Emplay Inc,Data Science Intern,"Bengaluru, Karnataka•Remote"
36,Crossbeats,customer support Executive,"Bengaluru, Karnataka"
37,"JPMorgan Chase Bank, N.A.",Business Analysis,"Bengaluru, Karnataka"
38,Deloitte,USI-EH22-EA-NSE BSO C&I-CRC AM,"Bengaluru, Karnataka"
39,Anand Rathi,Job | RHR-Bangalore-Broking experience must,"Bengaluru, Karnataka"
40,Bosch Group,Automotive Powertrain System (Electrification projects) - Sy...,"Bengaluru, Karnataka"
41,Inzpire solutions,Recruitment Executive,"Bengaluru, Karnataka•Remote"
42,Bosch Group,HIL tester for 48V electrification projects,"Bengaluru, Karnataka"
43,Yugasys Software Private limited.,Accounts Executive,"Bengaluru, Karnataka"
44,Forte India Operations,Research Associate,"Bengaluru, Karnataka"
45,PwC,Oracle Functional HCM - Associate 2,"Bengaluru, Karnataka"
46,Kotak Mahindra,Gold Loan Relationship Officer-LOANS AGAINST GOLD-Marketing...,"Bengaluru, Karnataka+1 location"
47,BDO India,Article Assistant,"Bengaluru, Karnataka"
48,Red Road Healthcare Solution Pvt Ltd,Medical Coder,"Bengaluru, Karnataka"
49,Genpact,Consultant-BFILL2-CMITS,"Bengaluru, Karnataka"
50,Emplay Inc,Data Science Intern,"Bengaluru, Karnataka•Remote"
51,Crossbeats,customer support Executive,"Bengaluru, Karnataka"
52,"JPMorgan Chase Bank, N.A.",Business Analysis,"Bengaluru, Karnataka"
53,Deloitte,USI-EH22-EA-NSE BSO C&I-CRC AM,"Bengaluru, Karnataka"
54,Anand Rathi,Job | RHR-Bangalore-Broking experience must,"Bengaluru, Karnataka"
55,Bosch Group,Automotive Powertrain System (Electrification projects) - Sy...,"Bengaluru, Karnataka"
56,Inzpire solutions,Recruitment Executive,"Bengaluru, Karnataka•Remote"
57,Bosch Group,HIL tester for 48V electrification projects,"Bengaluru, Karnataka"
58,Yugasys Software Private limited.,Accounts Executive,"Bengaluru, Karnataka"
59,Forte India Operations,Research Associate,"Bengaluru, Karnataka"
60,PwC,Oracle Functional HCM - Associate 2,"Bengaluru, Karnataka"
61,Kotak Mahindra,Gold Loan Relationship Officer-LOANS AGAINST GOLD-Marketing...,"Bengaluru, Karnataka+1 location"
62,BDO India,Article Assistant,"Bengaluru, Karnataka"
63,Red Road Healthcare Solution Pvt Ltd,Medical Coder,"Bengaluru, Karnataka"
64,Genpact,Consultant-BFILL2-CMITS,"Bengaluru, Karnataka"
65,Emplay Inc,Data Science Intern,"Bengaluru, Karnataka•Remote"
66,Crossbeats,customer support Executive,"Bengaluru, Karnataka"
67,"JPMorgan Chase Bank, N.A.",Business Analysis,"Bengaluru, Karnataka"
68,Deloitte,USI-EH22-EA-NSE BSO C&I-CRC AM,"Bengaluru, Karnataka"
69,Anand Rathi,Job | RHR-Bangalore-Broking experience must,"Bengaluru, Karnataka"
70,Bosch Group,Automotive Powertrain System (Electrification projects) - Sy...,"Bengaluru, Karnataka"
71,Inzpire solutions,Recruitment Executive,"Bengaluru, Karnataka•Remote"
72,Bosch Group,HIL tester for 48V electrification projects,"Bengaluru, Karnataka"
73,Yugasys Software Private limited.,Accounts Executive,"Bengaluru, Karnataka"
74,Forte India Operations,Research Associate,"Bengaluru, Karnataka"
75,PwC,Oracle Functional HCM - Associate 2,"Bengaluru, Karnataka"
76,Kotak Mahindra,Gold Loan Relationship Officer-LOANS AGAINST GOLD-Marketing...,"Bengaluru, Karnataka+1 location"
77,BDO India,Article Assistant,"Bengaluru, Karnataka"
78,Red Road Healthcare Solution Pvt Ltd,Medical Coder,"Bengaluru, Karnataka"
79,Genpact,Consultant-BFILL2-CMITS,"Bengaluru, Karnataka"
80,Emplay Inc,Data Science Intern,"Bengaluru, Karnataka•Remote"
81,Crossbeats,customer support Executive,"Bengaluru, Karnataka"
82,"JPMorgan Chase Bank, N.A.",Business Analysis,"Bengaluru, Karnataka"
83,Deloitte,USI-EH22-EA-NSE BSO C&I-CRC AM,"Bengaluru, Karnataka"
84,Anand Rathi,Job | RHR-Bangalore-Broking experience must,"Bengaluru, Karnataka"
85,Bosch Group,Automotive Powertrain System (Electrification projects) - Sy...,"Bengaluru, Karnataka"
86,Inzpire solutions,Recruitment Executive,"Bengaluru, Karnataka•Remote"
87,Bosch Group,HIL tester for 48V electrification projects,"Bengaluru, Karnataka"
88,Yugasys Software Private limited.,Accounts Executive,"Bengaluru, Karnataka"
89,Forte India Operations,Research Associate,"Bengaluru, Karnataka"
90,PwC,Oracle Functional HCM - Associate 2,"Bengaluru, Karnataka"
91,Kotak Mahindra,Gold Loan Relationship Officer-LOANS AGAINST GOLD-Marketing...,"Bengaluru, Karnataka+1 location"
92,BDO India,Article Assistant,"Bengaluru, Karnataka"
93,Red Road Healthcare Solution Pvt Ltd,Medical Coder,"Bengaluru, Karnataka"
94,Genpact,Consultant-BFILL2-CMITS,"Bengaluru, Karnataka"
95,Emplay Inc,Data Science Intern,"Bengaluru, Karnataka•Remote"
96,Crossbeats,customer support Executive,"Bengaluru, Karnataka"
97,"JPMorgan Chase Bank, N.A.",Business Analysis,"Bengaluru, Karnataka"
98,Deloitte,USI-EH22-EA-NSE BSO C&I-CRC AM,"Bengaluru, Karnataka"
99,Anand Rathi,Job | RHR-Bangalore-Broking experience must,"Bengaluru, Karnataka"
100,Bosch Group,Automotive Powertrain System (Electrification projects) - Sy...,"Bengaluru, Karnataka"
101,Inzpire solutions,Recruitment Executive,"Bengaluru, Karnataka•Remote"
102,Bosch Group,HIL tester for 48V electrification projects,"Bengaluru, Karnataka"
103,Yugasys Software Private limited.,Accounts Executive,"Bengaluru, Karnataka"
104,Forte India Operations,Research Associate,"Bengaluru, Karnataka"
105,PwC,Oracle Functional HCM - Associate 2,"Bengaluru, Karnataka"
106,Kotak Mahindra,Gold Loan Relationship Officer-LOANS AGAINST GOLD-Marketing...,"Bengaluru, Karnataka+1 location"
107,BDO India,Article Assistant,"Bengaluru, Karnataka"
108,Red Road Healthcare Solution Pvt Ltd,Medical Coder,"Bengaluru, Karnataka"
109,Genpact,Consultant-BFILL2-CMITS,"Bengaluru, Karnataka"
110,Emplay Inc,Data Science Intern,"Bengaluru, Karnataka•Remote"
111,Crossbeats,customer support Executive,"Bengaluru, Karnataka"
112,"JPMorgan Chase Bank, N.A.",Business Analysis,"Bengaluru, Karnataka"
113,Deloitte,USI-EH22-EA-NSE BSO C&I-CRC AM,"Bengaluru, Karnataka"
114,Anand Rathi,Job | RHR-Bangalore-Broking experience must,"Bengaluru, Karnataka"
115,Bosch Group,Automotive Powertrain System (Electrification projects) - Sy...,"Bengaluru, Karnataka"
116,Inzpire solutions,Recruitment Executive,"Bengaluru, Karnataka•Remote"
117,Bosch Group,HIL tester for 48V electrification projects,"Bengaluru, Karnataka"
118,Yugasys Software Private limited.,Accounts Executive,"Bengaluru, Karnataka"
119,Forte India Operations,Research Associate,"Bengaluru, Karnataka"
120,PwC,Oracle Functional HCM - Associate 2,"Bengaluru, Karnataka"
121,Kotak Mahindra,Gold Loan Relationship Officer-LOANS AGAINST GOLD-Marketing...,"Bengaluru, Karnataka+1 location"
122,BDO India,Article Assistant,"Bengaluru, Karnataka"
123,Red Road Healthcare Solution Pvt Ltd,Medical Coder,"Bengaluru, Karnataka"
124,Genpact,Consultant-BFILL2-CMITS,"Bengaluru, Karnataka"
125,Emplay Inc,Data Science Intern,"Bengaluru, Karnataka•Remote"
126,Crossbeats,customer support Executive,"Bengaluru, Karnataka"
127,"JPMorgan Chase Bank, N.A.",Business Analysis,"Bengaluru, Karnataka"
128,Deloitte,USI-EH22-EA-NSE BSO C&I-CRC AM,"Bengaluru, Karnataka"
129,Anand Rathi,Job | RHR-Bangalore-Broking experience must,"Bengaluru, Karnataka"
130,Bosch Group,Automotive Powertrain System (Electrification projects) - Sy...,"Bengaluru, Karnataka"
131,Inzpire solutions,Recruitment Executive,"Bengaluru, Karnataka•Remote"
132,Bosch Group,HIL tester for 48V electrification projects,"Bengaluru, Karnataka"
133,Yugasys Software Private limited.,Accounts Executive,"Bengaluru, Karnataka"
134,Forte India Operations,Research Associate,"Bengaluru, Karnataka"
135,PwC,Oracle Functional HCM - Associate 2,"Bengaluru, Karnataka"
136,Kotak Mahindra,Gold Loan Relationship Officer-LOANS AGAINST GOLD-Marketing...,"Bengaluru, Karnataka+1 location"
137,BDO India,Article Assistant,"Bengaluru, Karnataka"
138,Red Road Healthcare Solution Pvt Ltd,Medical Coder,"Bengaluru, Karnataka"
139,Genpact,Consultant-BFILL2-CMITS,"Bengaluru, Karnataka"
140,Emplay Inc,Data Science Intern,"Bengaluru, Karnataka•Remote"
141,Crossbeats,customer support Executive,"Bengaluru, Karnataka"
142,"JPMorgan Chase Bank, N.A.",Business Analysis,"Bengaluru, Karnataka"
143,Deloitte,USI-EH22-EA-NSE BSO C&I-CRC AM,"Bengaluru, Karnataka"
144,Anand Rathi,Job | RHR-Bangalore-Broking experience must,"Bengaluru, Karnataka"
145,Bosch Group,Automotive Powertrain System (Electrification projects) - Sy...,"Bengaluru, Karnataka"
146,Inzpire solutions,Recruitment Executive,"Bengaluru, Karnataka•Remote"
147,Bosch Group,HIL tester for 48V electrification projects,"Bengaluru, Karnataka"
148,Yugasys Software Private limited.,Accounts Executive,"Bengaluru, Karnataka"
149,Forte India Operations,Research Associate,"Bengaluru, Karnataka"
150,PwC,Oracle Functional HCM - Associate 2,"Bengaluru, Karnataka"
151,Kotak Mahindra,Gold Loan Relationship Officer-LOANS AGAINST GOLD-Marketing...,"Bengaluru, Karnataka+1 location"
152,BDO India,Article Assistant,"Bengaluru, Karnataka"
153,Red Road Healthcare Solution Pvt Ltd,Medical Coder,"Bengaluru, Karnataka"
154,Genpact,Consultant-BFILL2-CMITS,"Bengaluru, Karnataka"
155,Emplay Inc,Data Science Intern,"Bengaluru, Karnataka•Remote"
156,Crossbeats,customer support Executive,"Bengaluru, Karnataka"
157,"JPMorgan Chase Bank, N.A.",Business Analysis,"Bengaluru, Karnataka"
158,Deloitte,USI-EH22-EA-NSE BSO C&I-CRC AM,"Bengaluru, Karnataka"
159,Anand Rathi,Job | RHR-Bangalore-Broking experience must,"Bengaluru, Karnataka"
160,Bosch Group,Automotive Powertrain System (Electrification projects) - Sy...,"Bengaluru, Karnataka"
161,Inzpire solutions,Recruitment Executive,"Bengaluru, Karnataka•Remote"
162,Bosch Group,HIL tester for 48V electrification projects,"Bengaluru, Karnataka"
163,Yugasys Software Private limited.,Accounts Executive,"Bengaluru, Karnataka"
164,Forte India Operations,Research Associate,"Bengaluru, Karnataka"
165,PwC,Oracle Functional HCM - Associate 2,"Bengaluru, Karnataka"
166,Kotak Mahindra,Gold Loan Relationship Officer-LOANS AGAINST GOLD-Marketing...,"Bengaluru, Karnataka+1 location"
167,BDO India,Article Assistant,"Bengaluru, Karnataka"
168,Red Road Healthcare Solution Pvt Ltd,Medical Coder,"Bengaluru, Karnataka"
169,Genpact,Consultant-BFILL2-CMITS,"Bengaluru, Karnataka"
170,Emplay Inc,Data Science Intern,"Bengaluru, Karnataka•Remote"
171,Crossbeats,customer support Executive,"Bengaluru, Karnataka"
172,"JPMorgan Chase Bank, N.A.",Business Analysis,"Bengaluru, Karnataka"
173,Deloitte,USI-EH22-EA-NSE BSO C&I-CRC AM,"Bengaluru, Karnataka"
174,Anand Rathi,Job | RHR-Bangalore-Broking experience must,"Bengaluru, Karnataka"
175,Bosch Group,Automotive Powertrain System (Electrification projects) - Sy...,"Bengaluru, Karnataka"
176,Inzpire solutions,Recruitment Executive,"Bengaluru, Karnataka•Remote"
177,Bosch Group,HIL tester for 48V electrification projects,"Bengaluru, Karnataka"
178,Yugasys Software Private limited.,Accounts Executive,"Bengaluru, Karnataka"
179,Forte India Operations,Research Associate,"Bengaluru, Karnataka"
180,PwC,Oracle Functional HCM - Associate 2,"Bengaluru, Karnataka"
181,Kotak Mahindra,Gold Loan Relationship Officer-LOANS AGAINST GOLD-Marketing...,"Bengaluru, Karnataka+1 location"
182,BDO India,Article Assistant,"Bengaluru, Karnataka"
183,Red Road Healthcare Solution Pvt Ltd,Medical Coder,"Bengaluru, Karnataka"
184,Genpact,Consultant-BFILL2-CMITS,"Bengaluru, Karnataka"
185,Emplay Inc,Data Science Intern,"Bengaluru, Karnataka•Remote"
186,Crossbeats,customer support Executive,"Bengaluru, Karnataka"
187,"JPMorgan Chase Bank, N.A.",Business Analysis,"Bengaluru, Karnataka"
188,Deloitte,USI-EH22-EA-NSE BSO C&I-CRC AM,"Bengaluru, Karnataka"
189,Anand Rathi,Job | RHR-Bangalore-Broking experience must,"Bengaluru, Karnataka"
190,Bosch Group,Automotive Powertrain System (Electrification projects) - Sy...,"Bengaluru, Karnataka"
191,Inzpire solutions,Recruitment Executive,"Bengaluru, Karnataka•Remote"
192,Bosch Group,HIL tester for 48V electrification projects,"Bengaluru, Karnataka"
193,Yugasys Software Private limited.,Accounts Executive,"Bengaluru, Karnataka"
194,Forte India Operations,Research Associate,"Bengaluru, Karnataka"
195,PwC,Oracle Functional HCM - Associate 2,"Bengaluru, Karnataka"
196,Kotak Mahindra,Gold Loan Relationship Officer-LOANS AGAINST GOLD-Marketing...,"Bengaluru, Karnataka+1 location"
197,BDO India,Article Assistant,"Bengaluru, Karnataka"
198,Red Road Healthcare Solution Pvt Ltd,Medical Coder,"Bengaluru, Karnataka"
199,Genpact,Consultant-BFILL2-CMITS,"Bengaluru, Karnataka"
200,Emplay Inc,Data Science Intern,"Bengaluru, Karnataka•Remote"
201,Crossbeats,customer support Executive,"Bengaluru, Karnataka"
202,"JPMorgan Chase Bank, N.A.",Business Analysis,"Bengaluru, Karnataka"
203,Deloitte,USI-EH22-EA-NSE BSO C&I-CRC AM,"Bengaluru, Karnataka"
204,Anand Rathi,Job | RHR-Bangalore-Broking experience must,"Bengaluru, Karnataka"
205,Bosch Group,Automotive Powertrain System (Electrification projects) - Sy...,"Bengaluru, Karnataka"
206,Inzpire solutions,Recruitment Executive,"Bengaluru, Karnataka•Remote"
207,Bosch Group,HIL tester for 48V electrification projects,"Bengaluru, Karnataka"
208,Yugasys Software Private limited.,Accounts Executive,"Bengaluru, Karnataka"
209,Forte India Operations,Research Associate,"Bengaluru, Karnataka"
210,PwC,Oracle Functional HCM - Associate 2,"Bengaluru, Karnataka"
211,Kotak Mahindra,Gold Loan Relationship Officer-LOANS AGAINST GOLD-Marketing...,"Bengaluru, Karnataka+1 location"
212,BDO India,Article Assistant,"Bengaluru, Karnataka"
213,Red Road Healthcare Solution Pvt Ltd,Medical Coder,"Bengaluru, Karnataka"
214,Genpact,Consultant-BFILL2-CMITS,"Bengaluru, Karnataka"
215,Emplay Inc,Data Science Intern,"Bengaluru, Karnataka•Remote"
216,Crossbeats,customer support Executive,"Bengaluru, Karnataka"
217,"JPMorgan Chase Bank, N.A.",Business Analysis,"Bengaluru, Karnataka"
218,Deloitte,USI-EH22-EA-NSE BSO C&I-CRC AM,"Bengaluru, Karnataka"
219,Anand Rathi,Job | RHR-Bangalore-Broking experience must,"Bengaluru, Karnataka"
220,Bosch Group,Automotive Powertrain System (Electrification projects) - Sy...,"Bengaluru, Karnataka"
221,Inzpire solutions,Recruitment Executive,"Bengaluru, Karnataka•Remote"
222,Bosch Group,HIL tester for 48V electrification projects,"Bengaluru, Karnataka"
223,Yugasys Software Private limited.,Accounts Executive,"Bengaluru, Karnataka"
224,Forte India Operations,Research Associate,"Bengaluru, Karnataka"
225,PwC,Oracle Functional HCM - Associate 2,"Bengaluru, Karnataka"
226,Kotak Mahindra,Gold Loan Relationship Officer-LOANS AGAINST GOLD-Marketing...,"Bengaluru, Karnataka+1 location"
227,BDO India,Article Assistant,"Bengaluru, Karnataka"
228,Red Road Healthcare Solution Pvt Ltd,Medical Coder,"Bengaluru, Karnataka"
229,Genpact,Consultant-BFILL2-CMITS,"Bengaluru, Karnataka"
230,Emplay Inc,Data Science Intern,"Bengaluru, Karnataka•Remote"
231,Crossbeats,customer support Executive,"Bengaluru, Karnataka"
232,"JPMorgan Chase Bank, N.A.",Business Analysis,"Bengaluru, Karnataka"
233,Deloitte,USI-EH22-EA-NSE BSO C&I-CRC AM,"Bengaluru, Karnataka"
234,Anand Rathi,Job | RHR-Bangalore-Broking experience must,"Bengaluru, Karnataka"
235,Bosch Group,Automotive Powertrain System (Electrification projects) - Sy...,"Bengaluru, Karnataka"
236,Inzpire solutions,Recruitment Executive,"Bengaluru, Karnataka•Remote"
237,Bosch Group,HIL tester for 48V electrification projects,"Bengaluru, Karnataka"
238,Yugasys Software Private limited.,Accounts Executive,"Bengaluru, Karnataka"
239,Forte India Operations,Research Associate,"Bengaluru, Karnataka"
240,PwC,Oracle Functional HCM - Associate 2,"Bengaluru, Karnataka"
241,Kotak Mahindra,Gold Loan Relationship Officer-LOANS AGAINST GOLD-Marketing...,"Bengaluru, Karnataka+1 location"
242,BDO India,Article Assistant,"Bengaluru, Karnataka"
243,Red Road Healthcare Solution Pvt Ltd,Medical Coder,"Bengaluru, Karnataka"
244,Genpact,Consultant-BFILL2-CMITS,"Bengaluru, Karnataka"
245,Emplay Inc,Data Science Intern,"Bengaluru, Karnataka•Remote"
246,Crossbeats,customer support Executive,"Bengaluru, Karnataka"
247,"JPMorgan Chase Bank, N.A.",Business Analysis,"Bengaluru, Karnataka"
248,Deloitte,USI-EH22-EA-NSE BSO C&I-CRC AM,"Bengaluru, Karnataka"
249,Anand Rathi,Job | RHR-Bangalore-Broking experience must,"Bengaluru, Karnataka"
250,Bosch Group,Automotive Powertrain System (Electrification projects) - Sy...,"Bengaluru, Karnataka"
251,Inzpire solutions,Recruitment Executive,"Bengaluru, Karnataka•Remote"
252,Bosch Group,HIL tester for 48V electrification projects,"Bengaluru, Karnataka"
253,Yugasys Software Private limited.,Accounts Executive,"Bengaluru, Karnataka"
254,Forte India Operations,Research Associate,"Bengaluru, Karnataka"
255,PwC,Oracle Functional HCM - Associate 2,"Bengaluru, Karnataka"
256,Kotak Mahindra,Gold Loan Relationship Officer-LOANS AGAINST GOLD-Marketing...,"Bengaluru, Karnataka+1 location"
257,BDO India,Article Assistant,"Bengaluru, Karnataka"
258,Red Road Healthcare Solution Pvt Ltd,Medical Coder,"Bengaluru, Karnataka"
259,Genpact,Consultant-BFILL2-CMITS,"Bengaluru, Karnataka"
260,Emplay Inc,Data Science Intern,"Bengaluru, Karnataka•Remote"
261,Crossbeats,customer support Executive,"Bengaluru, Karnataka"
262,"JPMorgan Chase Bank, N.A.",Business Analysis,"Bengaluru, Karnataka"
263,Deloitte,USI-EH22-EA-NSE BSO C&I-CRC AM,"Bengaluru, Karnataka"
264,Anand Rathi,Job | RHR-Bangalore-Broking experience must,"Bengaluru, Karnataka"
265,Bosch Group,Automotive Powertrain System (Electrification projects) - Sy...,"Bengaluru, Karnataka"
266,Inzpire solutions,Recruitment Executive,"Bengaluru, Karnataka•Remote"
267,Bosch Group,HIL tester for 48V electrification projects,"Bengaluru, Karnataka"
268,Yugasys Software Private limited.,Accounts Executive,"Bengaluru, Karnataka"
269,Forte India Operations,Research Associate,"Bengaluru, Karnataka"
270,PwC,Oracle Functional HCM - Associate 2,"Bengaluru, Karnataka"
271,Kotak Mahindra,Gold Loan Relationship Officer-LOANS AGAINST GOLD-Marketing...,"Bengaluru, Karnataka+1 location"
272,BDO India,Article Assistant,"Bengaluru, Karnataka"
273,Red Road Healthcare Solution Pvt Ltd,Medical Coder,"Bengaluru, Karnataka"
274,Genpact,Consultant-BFILL2-CMITS,"Bengaluru, Karnataka"
275,Emplay Inc,Data Science Intern,"Bengaluru, Karnataka•Remote"
276,Crossbeats,customer support Executive,"Bengaluru, Karnataka"
277,"JPMorgan Chase Bank, N.A.",Business Analysis,"Bengaluru, Karnataka"
278,Deloitte,USI-EH22-EA-NSE BSO C&I-CRC AM,"Bengaluru, Karnataka"
279,Anand Rathi,Job | RHR-Bangalore-Broking experience must,"Bengaluru, Karnataka"
280,Bosch Group,Automotive Powertrain System (Electrification projects) - Sy...,"Bengaluru, Karnataka"
281,Inzpire solutions,Recruitment Executive,"Bengaluru, Karnataka•Remote"
282,Bosch Group,HIL tester for 48V electrification projects,"Bengaluru, Karnataka"
283,Yugasys Software Private limited.,Accounts Executive,"Bengaluru, Karnataka"
284,Forte India Operations,Research Associate,"Bengaluru, Karnataka"
285,PwC,Oracle Functional HCM - Associate 2,"Bengaluru, Karnataka"
286,Kotak Mahindra,Gold Loan Relationship Officer-LOANS AGAINST GOLD-Marketing...,"Bengaluru, Karnataka+1 location"
287,BDO India,Article Assistant,"Bengaluru, Karnataka"
288,Red Road Healthcare Solution Pvt Ltd,Medical Coder,"Bengaluru, Karnataka"
289,Genpact,Consultant-BFILL2-CMITS,"Bengaluru, Karnataka"
290,Emplay Inc,Data Science Intern,"Bengaluru, Karnataka•Remote"
291,Crossbeats,customer support Executive,"Bengaluru, Karnataka"
292,"JPMorgan Chase Bank, N.A.",Business Analysis,"Bengaluru, Karnataka"
293,Deloitte,USI-EH22-EA-NSE BSO C&I-CRC AM,"Bengaluru, Karnataka"
294,Anand Rathi,Job | RHR-Bangalore-Broking experience must,"Bengaluru, Karnataka"
295,Bosch Group,Automotive Powertrain System (Electrification projects) - Sy...,"Bengaluru, Karnataka"
296,Inzpire solutions,Recruitment Executive,"Bengaluru, Karnataka•Remote"
297,Bosch Group,HIL tester for 48V electrification projects,"Bengaluru, Karnataka"
298,Yugasys Software Private limited.,Accounts Executive,"Bengaluru, Karnataka"
299,Forte India Operations,Research Associate,"Bengaluru, Karnataka"
300,PwC,Oracle Functional HCM - Associate 2,"Bengaluru, Karnataka"
301,Kotak Mahindra,Gold Loan Relationship Officer-LOANS AGAINST GOLD-Marketing...,"Bengaluru, Karnataka+1 location"
302,BDO India,Article Assistant,"Bengaluru, Karnataka"
303,Red Road Healthcare Solution Pvt Ltd,Medical Coder,"Bengaluru, Karnataka"
304,Genpact,Consultant-BFILL2-CMITS,"Bengaluru, Karnataka"
305,Emplay Inc,Data Science Intern,"Bengaluru, Karnataka•Remote"
306,Crossbeats,customer support Executive,"Bengaluru, Karnataka"
307,"JPMorgan Chase Bank, N.A.",Business Analysis,"Bengaluru, Karnataka"
308,Deloitte,USI-EH22-EA-NSE BSO C&I-CRC AM,"Bengaluru, Karnataka"
309,Anand Rathi,Job | RHR-Bangalore-Broking experience must,"Bengaluru, Karnataka"
310,Bosch Group,Automotive Powertrain System (Electrification projects) - Sy...,"Bengaluru, Karnataka"
311,Inzpire solutions,Recruitment Executive,"Bengaluru, Karnataka•Remote"
312,Bosch Group,HIL tester for 48V electrification projects,"Bengaluru, Karnataka"
313,Yugasys Software Private limited.,Accounts Executive,"Bengaluru, Karnataka"
314,Forte India Operations,Research Associate,"Bengaluru, Karnataka"
